Cliente_ID,Region,Canal,Fresh,Milk,Grocery,Frozen,Detergents_Paper,Delicassen
C001,Cali,Retail,2480,4159,3992,1002,2952,750
C002,Medellín,Retail,1965,1859,3075,1610,3542,967
C003,Cali,Horeca,1488,4091,1513,1898,1570,1936
C004,Bogotá,Horeca,33072,6705,4144,5126,2318,10264
C005,Cali,Horeca,35374,2701,2557,9455,1490,4593
C006,Cali,Retail,3007,3147,4505,1468,3077,938
C007,Cali,Horeca,8142,5060,2562,4000,2671,2524
C008,Bogotá,Horeca,22327,2897,2759,4433,1894,2143
C009,Medellín,Horeca,21938,1034,4709,10462,2644,2452
C010,Cali,Horeca,7747,2200,6775,3428,1501,3376
C011,Cali,Retail,1507,1392,4550,1076,1391,853
C012,Cali,Retail,5438,15308,23591,3069,14225,2252
C013,Cali,Horeca,12238,2015,4242,7865,2050,5008
C014,Bogotá,Retail,6359,17276,41162,2736,31409,1427
C015,Bogotá,Retail,8954,16935,14906,4390,8194,3418
C016,Medellín,Retail,3139,3248,9784,3729,5464,2102
C017,Medellín,Retail,4561,4844,6433,1743,9170,1337
C018,Cali,Retail,6742,9697,21695,2435,7632,3090
C019,Cali,Horeca,4944,1501,2646,2095,962,2157
C020,Medellín,Retail,5614,13761,27599,1968,17693,2443
C021,Medellín,Retail,2778,7140,18863,1411,3174,1273
C022,Bogotá,Horeca,6234,3411,6899,10051,1681,3198
C023,Bogotá,Retail,7237,6008,14501,1919,9774,2460
C024,Medellín,Retail,3885,19074,27189,1825,12423,1719
C025,Cali,Horeca,14190,2496,4880,6153,2731,1514
C026,Medellín,Retail,3418,2239,5054,1672,2098,1371
C027,Bogotá,Retail,4201,3696,5100,4404,6758,690
C028,Medellín,Retail,2497,3288,4663,1814,4511,1145
C029,Bogotá,Horeca,8372,2977,4029,3258,2199,2260
C030,Cali,Horeca,3438,2368,2752,3006,1593,639
C031,Bogotá,Horeca,20614,3039,4905,8547,1905,2875
C032,Cali,Retail,2518,1697,1100,921,1502,984
C033,Medellín,Horeca,4711,2990,3447,2005,1889,1819
C034,Cali,Retail,2718,15881,23785,1738,19808,2717
C035,Cali,Retail,3270,3438,4683,1431,2947,720
C036,Medellín,Retail,4983,5298,6043,2696,2087,1326
C037,Cali,Horeca,7404,2167,3546,4226,935,3114
C038,Medellín,Retail,3194,1196,2420,1321,1283,425
C039,Cali,Horeca,13930,4447,3905,7888,1839,3171
C040,Cali,Horeca,14320,5230,6233,9807,717,6371
C041,Bogotá,Retail,2035,3893,7534,1434,3917,683
C042,Cali,Horeca,11525,4058,2816,3781,1838,3341
C043,Medellín,Horeca,8219,3946,4351,7294,2150,3650
C044,Cali,Horeca,4359,2083,3608,3188,1559,2289
C045,Cali,Horeca,12936,1446,3735,2457,1005,2151
C046,Medellín,Horeca,6933,2614,2417,1910,996,1982
C047,Bogotá,Retail,4461,11722,17013,3195,16516,1004
C048,Bogotá,Horeca,3881,2012,2177,2327,1728,1297
C049,Bogotá,Retail,4497,4233,4704,1434,1662,870
C050,Medellín,Horeca,8564,3097,2433,1594,1820,1687
C051,Cali,Horeca,10751,1447,1959,2236,1606,1030
C052,Cali,Horeca,3414,1154,1466,1362,1661,1071
C053,Cali,Horeca,17425,5470,6282,4597,1561,12833
C054,Cali,Horeca,6615,2698,2752,3702,1062,2983
C055,Cali,Retail,1709,2522,1562,1792,2453,877
C056,Cali,Retail,1598,1768,3483,1628,2930,821
C057,Medellín,Retail,5095,6369,7713,578,7594,1134
C058,Bogotá,Horeca,5981,1912,2337,4357,1336,2388
C059,Medellín,Retail,1758,2479,3809,1317,6983,1214
C060,Cali,Horeca,8508,3714,4910,7207,2428,2591
C061,Cali,Retail,1369,4471,3744,1281,3968,1199
C062,Cali,Retail,2958,3382,7346,2648,8051,1186
C063,Bogotá,Horeca,6546,2824,3858,3839,2337,2850
C064,Medellín,Retail,9905,15546,15941,2207,14833,1400
C065,Bogotá,Retail,7355,9031,10075,5741,4744,1287
C066,Cali,Retail,734,1770,3342,1083,3054,387
C067,Bogotá,Horeca,10354,2795,2830,8914,1152,2006
C068,Bogotá,Retail,1973,1844,990,1444,4782,790
C069,Bogotá,Horeca,21077,1289,6842,8753,2048,10096
C070,Cali,Retail,3646,22463,22424,2018,23799,1821
C071,Cali,Horeca,12045,1715,4880,2928,1759,1877
C072,Bogotá,Horeca,4762,1983,2128,2717,1009,2876
C073,Cali,Horeca,11602,1832,4037,5591,1206,2863
C074,Medellín,Retail,4864,2903,4176,2435,4658,1438
C075,Bogotá,Horeca,7038,3593,2205,2624,1260,2114
C076,Cali,Horeca,18528,4395,3931,3528,1553,2113
C077,Medellín,Horeca,7534,2711,2559,4723,1997,3260
C078,Bogotá,Retail,2765,3175,4035,1510,2036,1098
C079,Cali,Horeca,5834,2597,5092,1772,1515,1209
C080,Bogotá,Retail,5483,15126,17241,2479,12645,2810
C081,Bogotá,Horeca,6466,1832,1288,4170,1597,1691
C082,Medellín,Horeca,19344,5095,4596,6425,2430,3061
C083,Cali,Retail,2159,2016,4628,2740,1970,795
C084,Bogotá,Retail,2784,6892,16134,2266,6632,2279
C085,Medellín,Retail,2512,3247,9295,1144,6897,1052
C086,Medellín,Horeca,13161,2510,2983,4517,1204,2050
C087,Cali,Horeca,18615,4324,2808,5708,2044,4877
C088,Cali,Retail,2023,2505,3280,1158,4973,589
C089,Cali,Retail,2166,2562,4315,1630,2289,729
C090,Bogotá,Retail,6096,9275,16403,3097,10761,1431
C091,Bogotá,Horeca,6643,2411,5121,1905,1984,1559
C092,Cali,Horeca,1683,1984,2622,2521,1394,1722
C093,Bogotá,Horeca,3881,1312,2834,1276,1671,1549
C094,Cali,Retail,4541,8944,11416,2923,5694,2338
C095,Bogotá,Retail,1671,3804,8136,1524,7901,2093
C096,Bogotá,Horeca,10805,4799,3221,1418,960,1398
C097,Cali,Retail,5213,2551,4288,2260,3672,1169
C098,Bogotá,Retail,4630,17813,46682,2847,43530,1112
C099,Medellín,Retail,5891,32423,31247,3032,22085,1454
C100,Cali,Retail,3177,2472,5137,1635,4531,1189
C101,Cali,Horeca,7581,2436,1604,2911,1796,1456
C102,Bogotá,Retail,3875,14138,19939,2736,4714,1116
C103,Medellín,Retail,2069,2239,6006,1459,4984,760
C104,Bogotá,Retail,2512,1845,3530,2336,3546,1112
C105,Bogotá,Horeca,4326,2363,2961,5422,2296,1694
C106,Cali,Retail,4065,2847,1253,2238,1607,954
C107,Bogotá,Horeca,4733,3841,3367,2768,1250,1192
C108,Bogotá,Horeca,9813,3384,3044,2356,1499,2430
C109,Bogotá,Retail,3118,2005,954,4247,1225,1154
C110,Bogotá,Retail,5436,10376,4222,1121,7703,1316
C111,Bogotá,Horeca,11072,6754,4475,6179,2056,2294
C112,Bogotá,Retail,1490,4364,7505,997,8029,965
C113,Bogotá,Horeca,54746,3573,4146,13814,1916,6743
C114,Bogotá,Horeca,9470,3828,4449,2623,2571,1307
C115,Medellín,Horeca,9364,2360,4170,2551,1796,1673
C116,Medellín,Horeca,21793,3480,2506,6296,1691,4684
C117,Medellín,Horeca,6308,2238,5817,2665,996,1263
C118,Bogotá,Horeca,4716,1548,3343,2234,1407,1491
C119,Cali,Retail,7245,13991,19891,6241,7683,2660
C120,Bogotá,Retail,2320,5338,6710,1694,4204,1048
C121,Bogotá,Retail,5759,5964,4884,2710,4338,1878
C122,Cali,Retail,3313,3899,8810,1522,6120,730
C123,Cali,Retail,4911,5137,8419,1710,5966,1137
C124,Bogotá,Horeca,15749,1729,1079,2809,895,1517
C125,Bogotá,Retail,12914,11468,15608,5137,6167,3815
C126,Cali,Retail,2568,6030,6287,1130,8418,1076
C127,Cali,Retail,2765,5784,9421,2275,4366,1520
C128,Bogotá,Horeca,6236,1998,2138,7811,856,1852
C129,Bogotá,Retail,3628,4147,9828,2379,6475,968
C130,Medellín,Horeca,5174,1762,2617,3066,2384,1019
C131,Cali,Horeca,4851,2199,1886,2896,934,2182
C132,Medellín,Retail,3205,6660,8681,1104,2970,1637
C133,Cali,Retail,2716,1702,2680,1615,670,1210
C134,Cali,Retail,2494,4243,5209,940,7182,971
C135,Cali,Retail,3372,7248,16547,1406,21398,1679
C136,Bogotá,Retail,4995,7226,7700,3953,6699,1110
C137,Cali,Retail,2996,2328,2469,1365,1771,614
C138,Bogotá,Horeca,7360,4444,3896,6383,1599,2612
C139,Bogotá,Horeca,6838,5015,4552,4918,2113,2036
C140,Cali,Horeca,18642,3807,2910,5435,2498,4947
C141,Medellín,Retail,2732,3488,7939,2223,7811,1109
C142,Medellín,Retail,2549,2300,7071,5318,3613,1042
C143,Bogotá,Horeca,12444,4358,3158,6144,3117,3941
C144,Bogotá,Retail,2248,3784,6832,1910,4373,941
C145,Cali,Horeca,12682,7637,6188,3894,1316,3265
C146,Medellín,Horeca,10388,2171,3351,3028,1578,2580
C147,Bogotá,Horeca,7692,2646,2994,1367,1127,1764
C148,Bogotá,Horeca,13747,3215,1493,9033,1779,4249
C149,Cali,Retail,2680,3114,4284,1112,5774,1204
C150,Medellín,Retail,2624,3085,2221,1249,3318,946
C151,Medellín,Retail,2796,4489,8948,929,5984,824
C152,Cali,Horeca,3075,1797,3045,1470,2063,1582
C153,Medellín,Horeca,12034,3392,5035,6027,1291,1186
C154,Cali,Retail,4071,2044,3079,1667,3186,838
C155,Bogotá,Retail,9388,10058,4803,2384,3037,1804
C156,Bogotá,Retail,3392,7158,8691,1587,5294,1373
C157,Cali,Horeca,2250,958,3029,2646,1202,1311
C158,Cali,Retail,4816,6426,32995,1793,5533,853
C159,Medellín,Retail,4227,2399,12344,1254,4354,1656
C160,Cali,Horeca,13365,2289,1811,6460,1422,4305
C161,Medellín,Retail,2612,6273,13733,2395,5325,1280
C162,Bogotá,Horeca,8782,3267,2943,4680,2165,2221
C163,Cali,Retail,2784,4740,4754,1586,10991,497
C164,Medellín,Horeca,1932,1332,1870,997,882,1293
C165,Medellín,Horeca,995,2528,1376,1035,692,401
C166,Cali,Horeca,11935,4178,5787,4031,1609,1764
C167,Bogotá,Retail,2574,4584,6173,1591,2360,1660
C168,Cali,Retail,3075,2172,6024,1540,2706,1177
C169,Bogotá,Retail,6287,6600,11277,1010,11844,1510
C170,Bogotá,Retail,4276,2150,6050,1043,2871,910
C171,Cali,Horeca,6951,1884,1868,4601,1550,1369
C172,Bogotá,Horeca,9211,2754,3269,2705,2595,2615
C173,Cali,Retail,8301,7933,12096,2790,7432,2036
C174,Cali,Horeca,14912,4954,5441,6445,1146,1938
C175,Medellín,Horeca,6334,8371,1753,3128,2397,1880
C176,Cali,Retail,3638,6640,5347,1398,6374,1569
C177,Medellín,Retail,2785,3944,6120,1650,4834,1613
C178,Medellín,Retail,4823,5975,14603,1278,16104,567
C179,Cali,Horeca,9851,2079,2348,5122,1641,3390
C180,Medellín,Retail,2580,4778,4988,1754,7555,999
C181,Cali,Retail,2549,674,1361,1162,533,1714
C182,Medellín,Horeca,9668,850,2399,3838,543,1683
C183,Bogotá,Horeca,11291,2170,3217,4053,1045,3072
C184,Cali,Horeca,17722,2137,3689,3281,860,1474
C185,Cali,Retail,3846,4676,5220,863,7150,1484
C186,Bogotá,Horeca,8268,3278,6240,4659,2344,1703
C187,Cali,Horeca,7942,1740,2624,2875,3429,2584
C188,Medellín,Horeca,9601,1620,2015,3677,1320,2496
C189,Cali,Horeca,7201,4201,4080,5993,1363,1088
C190,Medellín,Retail,4643,5429,11709,2250,7208,1872
C191,Medellín,Horeca,11320,3102,4833,5027,1253,3335
C192,Cali,Retail,3902,4006,11539,743,9101,1851
C193,Cali,Horeca,6231,2003,3118,4025,1795,2841
C194,Bogotá,Horeca,10239,3132,3305,4345,1664,3871
C195,Cali,Retail,2499,7919,5981,2463,3902,1292
C196,Medellín,Retail,4904,4706,5892,3074,3963,1071
C197,Cali,Horeca,12661,1577,3307,4435,1674,2721
C198,Cali,Retail,3046,4394,3812,3553,4993,714
C199,Bogotá,Horeca,9592,4037,7415,7305,2543,4422
C200,Cali,Retail,5429,7770,6188,2462,4846,1336
C201,Cali,Retail,2643,5944,9409,2328,10308,1881
C202,Cali,Horeca,3391,1513,2919,3613,1526,1253
C203,Cali,Horeca,9048,3189,4494,4182,2281,1867
C204,Cali,Retail,2931,3697,9104,2250,5396,2334
C205,Bogotá,Horeca,14436,2486,6221,3424,2201,3431
C206,Cali,Retail,5275,41848,50773,1501,18400,1203
C207,Cali,Horeca,5808,2210,3849,5361,2268,3033
C208,Medellín,Retail,5146,11931,25088,4653,10097,2211
C209,Cali,Retail,1570,5671,14638,2679,8660,1419
C210,Medellín,Retail,2724,8557,16898,2168,14375,844
C211,Cali,Horeca,8849,1917,2624,1118,1028,2342
C212,Cali,Retail,5749,5584,7642,686,8267,1075
C213,Bogotá,Retail,3165,8204,5895,1770,4231,1373
C214,Bogotá,Retail,3587,8537,13014,1728,6440,1085
C215,Bogotá,Horeca,14245,2121,4147,9106,1398,3593
C216,Bogotá,Horeca,12261,2628,1747,5895,956,3770
C217,Medellín,Retail,2842,3219,2848,1353,2258,1161
C218,Bogotá,Retail,2566,8284,19130,1708,8043,2109
C219,Bogotá,Horeca,2925,2426,2018,2640,2264,2219
C220,Bogotá,Horeca,2897,2348,2065,1726,1486,2242
C221,Medellín,Horeca,17496,2929,3952,7178,1111,2144
C222,Bogotá,Horeca,8867,4070,3353,5426,1587,1778
C223,Medellín,Retail,1655,5481,5114,1186,3138,1212
C224,Bogotá,Retail,6050,2114,7730,2588,2141,1102
C225,Cali,Horeca,15075,1953,2859,2828,2511,1745
C226,Cali,Retail,1723,5410,10978,1647,8139,1486
C227,Cali,Retail,3429,13651,8734,2236,11793,2035
C228,Bogotá,Horeca,1284,1658,2294,861,916,530
C229,Bogotá,Horeca,2347,1558,3482,1692,1973,1910
C230,Bogotá,Retail,2417,3912,8296,1748,4962,986
C231,Cali,Retail,1814,3334,2708,659,2454,1203
C232,Cali,Horeca,4648,1291,1681,996,909,1545
C233,Bogotá,Retail,4226,8843,12967,3630,9688,1743
C234,Cali,Retail,2775,4748,5916,1406,2797,854
C235,Medellín,Retail,2396,5377,15352,1553,11987,1114
C236,Bogotá,Horeca,13930,2459,2948,3034,3275,2941
C237,Cali,Retail,3718,4951,18217,1987,6772,1212
C238,Cali,Retail,3665,7015,8359,1578,5837,1784
C239,Cali,Horeca,3039,1357,3590,1968,1084,1805
C240,Cali,Retail,2775,8805,9416,1503,6244,995
